{
    "providers": [
        {
            "type": "ttf",
            "file": "minecraft:negative_spaces.ttf",
            "shift": [0.0, 0.0],
            "size": 10.0,
            "oversample": 1.0
        },
        {
            "type": "bitmap",
            "file": "minecraft:custom/green_screen.png",
            "ascent": 1000,
            "height": 10000,
            "chars": [
                "\uE001"
            ]
        },
		{
            "type": "bitmap",
            "file": "minecraft:custom/hulk_punch_gui.png",
            "ascent": 22,
            "height": 35,
            "chars": [
                "\uE002"
            ]
        },
		{
            "type": "bitmap",
            "file": "minecraft:custom/hulk_punch_gui_selected.png",
            "ascent": 22,
            "height": 35,
            "chars": [
                "\uE003"
            ]
        },
		{
            "type": "bitmap",
            "file": "minecraft:custom/hulk_smash_gui.png",
            "ascent": 22,
            "height": 35,
            "chars": [
                "\uE004"
            ]
        },
		{
            "type": "bitmap",
            "file": "minecraft:custom/hulk_smash_gui_selected.png",
            "ascent": 22,
            "height": 35,
            "chars": [
                "\uE005"
            ]
        },
		{
            "type": "bitmap",
            "file": "minecraft:custom/hulk_clap_gui.png",
            "ascent": 22,
            "height": 35,
            "chars": [
                "\uE006"
            ]
        },
		{
            "type": "bitmap",
            "file": "minecraft:custom/hulk_clap_gui_selected.png",
            "ascent": 22,
            "height": 35,
            "chars": [
                "\uE007"
            ]
        },
		{
            "type": "bitmap",
            "file": "minecraft:custom/charge_bar1.png",
            "ascent": 5,
            "height": 7,
            "chars": [
                "\uE008"
            ]
        },
		{
            "type": "bitmap",
            "file": "minecraft:custom/charge_bar2.png",
            "ascent": 5,
            "height": 7,
            "chars": [
                "\uE009"
            ]
        },
		{
            "type": "bitmap",
            "file": "minecraft:custom/charge_bar3.png",
            "ascent": 5,
            "height": 7,
            "chars": [
                "\uE010"
            ]
        },
		{
            "type": "bitmap",
            "file": "minecraft:custom/charge_bar4.png",
            "ascent": 5,
            "height": 7,
            "chars": [
                "\uE011"
            ]
        },
		{
            "type": "bitmap",
            "file": "minecraft:custom/charge_bar5.png",
            "ascent": 5,
            "height": 7,
            "chars": [
                "\uE012"
            ]
        },
		{
            "type": "bitmap",
            "file": "minecraft:custom/charge_bar6.png",
            "ascent": 5,
            "height": 7,
            "chars": [
                "\uE013"
            ]
        },
		{
            "type": "bitmap",
            "file": "minecraft:custom/charge_bar7.png",
            "ascent": 5,
            "height": 7,
            "chars": [
                "\uE014"
            ]
        },
		{
            "type": "bitmap",
            "file": "minecraft:custom/charge_bar8.png",
            "ascent": 5,
            "height": 7,
            "chars": [
                "\uE015"
            ]
        },
		{
            "type": "bitmap",
            "file": "minecraft:custom/charge_bar9.png",
            "ascent": 5,
            "height": 7,
            "chars": [
                "\uE016"
            ]
        },
		{
            "type": "bitmap",
            "file": "minecraft:custom/charge_bar10.png",
            "ascent": 5,
            "height": 7,
            "chars": [
                "\uE017"
            ]
        },
		{
            "type": "bitmap",
            "file": "minecraft:custom/charge_bar11.png",
            "ascent": 5,
            "height": 7,
            "chars": [
                "\uE018"
            ]
        },
		{
            "type": "bitmap",
            "file": "minecraft:custom/charge_bar12.png",
            "ascent": 5,
            "height": 7,
            "chars": [
                "\uE019"
            ]
        },
		{
            "type": "bitmap",
            "file": "minecraft:custom/charge_bar13.png",
            "ascent": 5,
            "height": 7,
            "chars": [
                "\uE020"
            ]
        },
		{
            "type": "bitmap",
            "file": "minecraft:custom/charge_bar14.png",
            "ascent": 5,
            "height": 7,
            "chars": [
                "\uE021"
            ]
        },
		{
            "type": "bitmap",
            "file": "minecraft:custom/charge_bar15.png",
            "ascent": 5,
            "height": 7,
            "chars": [
                "\uE022"
            ]
        },
		{
            "type": "bitmap",
            "file": "minecraft:custom/charge_bar16.png",
            "ascent": 5,
            "height": 7,
            "chars": [
                "\uE023"
            ]
        },
		{
            "type": "bitmap",
            "file": "minecraft:custom/charge_bar17.png",
            "ascent": 5,
            "height": 7,
            "chars": [
                "\uE024"
            ]
        },
		{
            "type": "bitmap",
            "file": "minecraft:custom/charge_bar18.png",
            "ascent": 5,
            "height": 7,
            "chars": [
                "\uE025"
            ]
        },
		{
            "type": "bitmap",
            "file": "minecraft:custom/charge_bar19.png",
            "ascent": 5,
            "height": 7,
            "chars": [
                "\uE026"
            ]
        },
		{
            "type": "bitmap",
            "file": "minecraft:custom/charge_bar20.png",
            "ascent": 5,
            "height": 7,
            "chars": [
                "\uE027"
            ]
        },
		{
            "type": "bitmap",
            "file": "minecraft:custom/hulk_level_up_gui.png",
            "ascent": 22,
            "height": 35,
            "chars": [
                "\uE028"
            ]
        },
		{
            "type": "bitmap",
            "file": "minecraft:custom/hulk_level_up_gui_selected.png",
            "ascent": 22,
            "height": 35,
            "chars": [
                "\uE029"
            ]
        },
		{
            "type": "bitmap",
            "file": "minecraft:custom/pick_up_blocks_gui.png",
            "ascent": 22,
            "height": 35,
            "chars": [
                "\uE030"
            ]
        },
		{
            "type": "bitmap",
            "file": "minecraft:custom/pick_up_blocks_gui_selected.png",
            "ascent": 22,
            "height": 35,
            "chars": [
                "\uE031"
            ]
        },
		{
            "type": "bitmap",
            "file": "minecraft:custom/hulk_punch.png",
            "ascent": 15,
            "height": 20,
            "chars": [
                "\uE032"
            ]
        },
		{
            "type": "bitmap",
            "file": "minecraft:custom/hulk_smash.png",
            "ascent": 15,
            "height": 20,
            "chars": [
                "\uE033"
            ]
        },
		{
            "type": "bitmap",
            "file": "minecraft:custom/hulk_clap.png",
            "ascent": 15,
            "height": 20,
            "chars": [
                "\uE034"
            ]
        },
		{
            "type": "bitmap",
            "file": "minecraft:custom/pick_up_blocks.png",
            "ascent": 15,
            "height": 20,
            "chars": [
                "\uE035"
            ]
        },
		{
            "type": "bitmap",
            "file": "minecraft:custom/hulk_level_up.png",
            "ascent": 15,
            "height": 20,
            "chars": [
                "\uE036"
            ]
        },
		{
            "type": "bitmap",
            "file": "minecraft:custom/empty.png",
            "ascent": 15,
            "height": 20,
            "chars": [
                "\uE037"
            ]
        },
		{
            "type": "bitmap",
            "file": "minecraft:custom/hulk_pub_throw.png",
            "ascent": 15,
            "height": 20,
            "chars": [
                "\uE038"
            ]
        },
		{
            "type": "bitmap",
            "file": "minecraft:custom/hulk_level_up_not_ready.png",
            "ascent": 15,
            "height": 20,
            "chars": [
                "\uE039"
            ]
        },
		{
            "type": "bitmap",
            "file": "minecraft:custom/yellow_screen.png",
            "ascent": 1000,
            "height": 10000,
            "chars": [
                "\uE040"
            ]
        },
		{
            "type": "bitmap",
            "file": "minecraft:custom/hulk_level_calmest.png",
            "ascent": 20,
            "height": 30,
            "chars": [
                "\uE041"
            ]
        },
		{
            "type": "bitmap",
            "file": "minecraft:custom/hulk_level_calm.png",
            "ascent": 20,
            "height": 30,
            "chars": [
                "\uE042"
            ]
        },
		{
            "type": "bitmap",
            "file": "minecraft:custom/hulk_level_angry.png",
            "ascent": 20,
            "height": 30,
            "chars": [
                "\uE043"
            ]
        },
		{
            "type": "bitmap",
            "file": "minecraft:custom/hulk_level_angrier.png",
            "ascent": 20,
            "height": 30,
            "chars": [
                "\uE044"
            ]
        },
		{
            "type": "bitmap",
            "file": "minecraft:custom/hulk_level_angriest.png",
            "ascent": 20,
            "height": 30,
            "chars": [
                "\uE045"
            ]
        },
		{
            "type": "bitmap",
            "file": "minecraft:custom/hulk_level_super_angriest.png",
            "ascent": 20,
            "height": 30,
            "chars": [
                "\uE046"
            ]
        },
		{
            "type": "bitmap",
            "file": "minecraft:custom/atomic_clap_gui.png",
            "ascent": 22,
            "height": 35,
            "chars": [
                "\uE047"
            ]
        },
		{
            "type": "bitmap",
            "file": "minecraft:custom/atomic_clap_gui_selected.png",
            "ascent": 22,
            "height": 35,
            "chars": [
                "\uE048"
            ]
        },
		{
            "type": "bitmap",
            "file": "minecraft:custom/atomic_clap.png",
            "ascent": 15,
            "height": 20,
            "chars": [
                "\uE049"
            ]
        },
		{
            "type": "bitmap",
            "file": "minecraft:custom/white_screen.png",
            "ascent": 1000,
            "height": 10000,
            "chars": [
                "\uE050"
            ]
        }
    ]
}