{
 "providers":
   [
	  {
	   "type":"bitmap",
	   "file":"along:font/space_split.png",
	   "ascent":-32768,
	   "height":-6,
	   "chars":["\u3201"]
	  },
    {
	   "type":"bitmap",
	   "file":"along:font/wallet_1.png",
	   "ascent":99,
	   "height":256,
	   "chars":["\u3206"]
	  },
    {
	   "type":"bitmap",
	   "file":"along:font/wallet_2.png",
	   "ascent":99,
	   "height":256,
	   "chars":["\u3207"]
	  },
    {
	   "type":"bitmap",
	   "file":"along:font/wallet_3.png",
	   "ascent":99,
	   "height":256,
	   "chars":["\u3208"]
	  }
   ]


}
